<?xml version="1.0" encoding="UTF-8"?>
<project-private xmlns="http://www.netbeans.org/ns/project-private/1">
    <editor-bookmarks xmlns="http://www.netbeans.org/ns/editor-bookmarks/2" lastBookmarkId="0"/>
    <open-files xmlns="http://www.netbeans.org/ns/projectui-open-files/2">
        <group>
            <file>file:/C:/xampp/htdocs/Libreria1/views/bookL.php</file>
            <file>file:/C:/xampp/htdocs/Libreria1/index.php</file>
            <file>file:/C:/xampp/htdocs/Libreria1/views/bookF.php</file>
            <file>file:/C:/xampp/htdocs/Libreria1/controllers/BookController.php</file>
            <file>file:/C:/xampp/htdocs/Libreria1/models/Book.php</file>
            <file>file:/C:/xampp/htdocs/Libreria1/config/db.php</file>
        </group>
    </open-files>
</project-private>
